{"First-Order Features_accuracy":0.9316176470588236,"First-Order Features_training_time":28.122142553329468,"First-Order Features_recall":0.9312067206766799,"Combined First and Second-Order Features_precision":0.9327419399496236,"Second-Order Features_training_time":11.935638427734375,"Second-Order Features_accuracy":0.4470588235294118,"_wandb":{"runtime":55},"_runtime":55.233764298,"Combined First and Second-Order Features_accuracy":0.9321078431372549,"Combined First and Second-Order Features_recall":0.931818064122168,"Second-Order Features_recall":0.44791905986565006,"_step":2,"Combined First and Second-Order Features_f1_score":0.93160288691861,"Second-Order Features_f1_score":0.43837067174721545,"Combined First and Second-Order Features_training_time":13.41643214225769,"Second-Order Features_precision":0.43795611056907846,"First-Order Features_precision":0.9322259066399733,"First-Order Features_f1_score":0.9308918461301903,"_timestamp":1.731846311714433e+09}