{"Second-Order Features_precision":0.43795611056907846,"Second-Order Features_recall":0.44791905986565006,"_step":2,"_timestamp":1.7317459392399132e+09,"Combined First and Second-Order Features_accuracy":0.9321078431372549,"First-Order Features_recall":0.9312067206766799,"Second-Order Features_accuracy":0.4470588235294118,"Second-Order Features_f1_score":0.43837067174721545,"Second-Order Features_training_time":8.72880244255066,"Combined First and Second-Order Features_recall":0.931818064122168,"Combined First and Second-Order Features_training_time":11.106831789016724,"First-Order Features_f1_score":0.9308918461301903,"_runtime":41.216630266,"First-Order Features_training_time":19.7585871219635,"_wandb":{"runtime":41},"Combined First and Second-Order Features_f1_score":0.93160288691861,"First-Order Features_accuracy":0.9316176470588236,"First-Order Features_precision":0.9322259066399733,"Combined First and Second-Order Features_precision":0.9327419399496236}